InvoiceId,CustomerId,InvoiceDate,BillingAddress,BillingCity,BillingState,BillingCountry,BillingPostalCode,Total
1,2,01-01-2009 00:00,Theodor-Heuss-StraÃŸe 34,Stuttgart,,Germany,70174,1.98
2,4,02-01-2009 00:00,UllevÃ¥lsveien 14,Oslo,,Norway,171,3.96
3,8,03-01-2009 00:00,GrÃ©trystraat 63,Brussels,,Belgium,1000,5.94
4,14,06-01-2009 00:00,8210 111 ST NW,Edmonton,AB,Canada,T6G 2C7,8.91
5,23,11-01-2009 00:00,69 Salem Street,Boston,MA,USA,2113,13.86
6,37,19-01-2009 00:00,Berger StraÃŸe 10,Frankfurt,,Germany,60316,0.99
7,38,01-02-2009 00:00,BarbarossastraÃŸe 19,Berlin,,Germany,10779,1.98
8,40,01-02-2009 00:00,"8, Rue Hanovre",Paris,,France,75002,1.98
9,42,02-02-2009 00:00,"9, Place Louis Barthou",Bordeaux,,France,33000,3.96
10,46,03-02-2009 00:00,3 Chatham Street,Dublin,Dublin,Ireland,,5.94
11,52,06-02-2009 00:00,202 Hoxton Street,London,,United Kingdom,N1 5LH,8.91
12,2,11-02-2009 00:00,Theodor-Heuss-StraÃŸe 34,Stuttgart,,Germany,70174,13.86
13,16,19-02-2009 00:00,1600 Amphitheatre Parkway,Mountain View,CA,USA,94043-1351,0.99
14,17,04-03-2009 00:00,1 Microsoft Way,Redmond,WA,USA,98052-8300,1.98
15,19,04-03-2009 00:00,1 Infinite Loop,Cupertino,CA,USA,95014,1.98
16,21,05-03-2009 00:00,801 W 4th Street,Reno,NV,USA,89503,3.96
17,25,06-03-2009 00:00,319 N. Frances Street,Madison,WI,USA,53703,5.94
18,31,09-03-2009 00:00,194A Chain Lake Drive,Halifax,NS,Canada,B3S 1C5,8.91
19,40,14-03-2009 00:00,"8, Rue Hanovre",Paris,,France,75002,13.86
20,54,22-03-2009 00:00,110 Raeburn Pl,Edinburgh ,,United Kingdom,EH4 1HH,0.99
21,55,04-04-2009 00:00,421 Bourke Street,Sidney,NSW,Australia,2010,1.98
22,57,04-04-2009 00:00,"Calle Lira, 198",Santiago,,Chile,,1.98
23,59,05-04-2009 00:00,"3,Raj Bhavan Road",Bangalore,,India,560001,3.96
24,4,06-04-2009 00:00,UllevÃ¥lsveien 14,Oslo,,Norway,171,5.94
25,10,09-04-2009 00:00,"Rua Dr. FalcÃ£o Filho, 155",SÃ£o Paulo,SP,Brazil,01007-010,8.91
26,19,14-04-2009 00:00,1 Infinite Loop,Cupertino,CA,USA,95014,13.86
27,33,22-04-2009 00:00,5112 48 Street,Yellowknife,NT,Canada,X1A 1N6,0.99
28,34,05-05-2009 00:00,Rua da AssunÃ§Ã£o 53,Lisbon,,Portugal,,1.98
29,36,05-05-2009 00:00,TauentzienstraÃŸe 8,Berlin,,Germany,10789,1.98
30,38,06-05-2009 00:00,BarbarossastraÃŸe 19,Berlin,,Germany,10779,3.96
31,42,07-05-2009 00:00,"9, Place Louis Barthou",Bordeaux,,France,33000,5.94
32,48,10-05-2009 00:00,Lijnbaansgracht 120bg,Amsterdam,VV,Netherlands,1016,8.91
33,57,15-05-2009 00:00,"Calle Lira, 198",Santiago,,Chile,,13.86
34,12,23-05-2009 00:00,"PraÃ§a Pio X, 119",Rio de Janeiro,RJ,Brazil,20040-020,0.99
35,13,05-06-2009 00:00,Qe 7 Bloco G,BrasÃ­lia,DF,Brazil,71020-677,1.98
36,15,05-06-2009 00:00,700 W Pender Street,Vancouver,BC,Canada,V6C 1G8,1.98
37,17,06-06-2009 00:00,1 Microsoft Way,Redmond,WA,USA,98052-8300,3.96
38,21,07-06-2009 00:00,801 W 4th Street,Reno,NV,USA,89503,5.94
39,27,10-06-2009 00:00,1033 N Park Ave,Tucson,AZ,USA,85719,8.91
40,36,15-06-2009 00:00,TauentzienstraÃŸe 8,Berlin,,Germany,10789,13.86
41,50,23-06-2009 00:00,C/ San Bernardo 85,Madrid,,Spain,28015,0.99
42,51,06-07-2009 00:00,Celsiusg. 9,Stockholm,,Sweden,11230,1.98
43,53,06-07-2009 00:00,113 Lupus St,London,,United Kingdom,SW1V 3EN,1.98
44,55,07-07-2009 00:00,421 Bourke Street,Sidney,NSW,Australia,2010,3.96
45,59,08-07-2009 00:00,"3,Raj Bhavan Road",Bangalore,,India,560001,5.94
46,6,11-07-2009 00:00,RilskÃ¡ 3174/6,Prague,,Czech Republic,14300,8.91
47,15,16-07-2009 00:00,700 W Pender Street,Vancouver,BC,Canada,V6C 1G8,13.86
48,29,24-07-2009 00:00,796 Dundas Street West,Toronto,ON,Canada,M6J 1V1,0.99
49,30,06-08-2009 00:00,230 Elgin Street,Ottawa,ON,Canada,K2P 1L7,1.98
50,32,06-08-2009 00:00,696 Osborne Street,Winnipeg,MB,Canada,R3L 2B9,1.98
51,34,07-08-2009 00:00,Rua da AssunÃ§Ã£o 53,Lisbon,,Portugal,,3.96
52,38,08-08-2009 00:00,BarbarossastraÃŸe 19,Berlin,,Germany,10779,5.94
53,44,11-08-2009 00:00,Porthaninkatu 9,Helsinki,,Finland,530,8.91
54,53,16-08-2009 00:00,113 Lupus St,London,,United Kingdom,SW1V 3EN,13.86
55,8,24-08-2009 00:00,GrÃ©trystraat 63,Brussels,,Belgium,1000,0.99
56,9,06-09-2009 00:00,SÃ¸nder Boulevard 51,Copenhagen,,Denmark,1720,1.98
57,11,06-09-2009 00:00,"Av. Paulista, 2022",SÃ£o Paulo,SP,Brazil,01310-200,1.98
58,13,07-09-2009 00:00,Qe 7 Bloco G,BrasÃ­lia,DF,Brazil,71020-677,3.96
59,17,08-09-2009 00:00,1 Microsoft Way,Redmond,WA,USA,98052-8300,5.94
60,23,11-09-2009 00:00,69 Salem Street,Boston,MA,USA,2113,8.91
61,32,16-09-2009 00:00,696 Osborne Street,Winnipeg,MB,Canada,R3L 2B9,13.86
62,46,24-09-2009 00:00,3 Chatham Street,Dublin,Dublin,Ireland,,0.99
63,47,07-10-2009 00:00,"Via Degli Scipioni, 43",Rome,RM,Italy,192,1.98
64,49,07-10-2009 00:00,Ordynacka 10,Warsaw,,Poland,00-358,1.98
65,51,08-10-2009 00:00,Celsiusg. 9,Stockholm,,Sweden,11230,3.96
66,55,09-10-2009 00:00,421 Bourke Street,Sidney,NSW,Australia,2010,5.94
67,2,12-10-2009 00:00,Theodor-Heuss-StraÃŸe 34,Stuttgart,,Germany,70174,8.91
68,11,17-10-2009 00:00,"Av. Paulista, 2022",SÃ£o Paulo,SP,Brazil,01310-200,13.86
69,25,25-10-2009 00:00,319 N. Frances Street,Madison,WI,USA,53703,0.99
70,26,07-11-2009 00:00,2211 W Berry Street,Fort Worth,TX,USA,76110,1.98
71,28,07-11-2009 00:00,302 S 700 E,Salt Lake City,UT,USA,84102,1.98
72,30,08-11-2009 00:00,230 Elgin Street,Ottawa,ON,Canada,K2P 1L7,3.96
73,34,09-11-2009 00:00,Rua da AssunÃ§Ã£o 53,Lisbon,,Portugal,,5.94
74,40,12-11-2009 00:00,"8, Rue Hanovre",Paris,,France,75002,8.91
75,49,17-11-2009 00:00,Ordynacka 10,Warsaw,,Poland,00-358,13.86
76,4,25-11-2009 00:00,UllevÃ¥lsveien 14,Oslo,,Norway,171,0.99
77,5,08-12-2009 00:00,Klanova 9/506,Prague,,Czech Republic,14700,1.98
78,7,08-12-2009 00:00,"RotenturmstraÃŸe 4, 1010 Innere Stadt",Vienne,,Austria,1010,1.98
79,9,09-12-2009 00:00,SÃ¸nder Boulevard 51,Copenhagen,,Denmark,1720,3.96
80,13,10-12-2009 00:00,Qe 7 Bloco G,BrasÃ­lia,DF,Brazil,71020-677,5.94
81,19,13-12-2009 00:00,1 Infinite Loop,Cupertino,CA,USA,95014,8.91
82,28,18-12-2009 00:00,302 S 700 E,Salt Lake City,UT,USA,84102,13.86
83,42,26-12-2009 00:00,"9, Place Louis Barthou",Bordeaux,,France,33000,0.99
84,43,08-01-2010 00:00,"68, Rue Jouvence",Dijon,,France,21000,1.98
85,45,08-01-2010 00:00,ErzsÃ©bet krt. 58.,Budapest,,Hungary,H-1073,1.98
86,47,09-01-2010 00:00,"Via Degli Scipioni, 43",Rome,RM,Italy,192,3.96
87,51,10-01-2010 00:00,Celsiusg. 9,Stockholm,,Sweden,11230,6.94
88,57,13-01-2010 00:00,"Calle Lira, 198",Santiago,,Chile,,17.91
89,7,18-01-2010 00:00,"RotenturmstraÃŸe 4, 1010 Innere Stadt",Vienne,,Austria,1010,18.86
90,21,26-01-2010 00:00,801 W 4th Street,Reno,NV,USA,89503,0.99
91,22,08-02-2010 00:00,120 S Orange Ave,Orlando,FL,USA,32801,1.98
92,24,08-02-2010 00:00,162 E Superior Street,Chicago,IL,USA,60611,1.98
93,26,09-02-2010 00:00,2211 W Berry Street,Fort Worth,TX,USA,76110,3.96
94,30,10-02-2010 00:00,230 Elgin Street,Ottawa,ON,Canada,K2P 1L7,5.94
95,36,13-02-2010 00:00,TauentzienstraÃŸe 8,Berlin,,Germany,10789,8.91
96,45,18-02-2010 00:00,ErzsÃ©bet krt. 58.,Budapest,,Hungary,H-1073,21.86
97,59,26-02-2010 00:00,"3,Raj Bhavan Road",Bangalore,,India,560001,1.99
98,1,11-03-2010 00:00,"Av. Brigadeiro Faria Lima, 2170",SÃ£o JosÃ© dos Campos,SP,Brazil,12227-000,3.98
99,3,11-03-2010 00:00,1498 rue BÃ©langer,MontrÃ©al,QC,Canada,H2G 1A7,3.98
100,5,12-03-2010 00:00,Klanova 9/506,Prague,,Czech Republic,14700,3.96
101,9,13-03-2010 00:00,SÃ¸nder Boulevard 51,Copenhagen,,Denmark,1720,5.94
102,15,16-03-2010 00:00,700 W Pender Street,Vancouver,BC,Canada,V6C 1G8,9.91
103,24,21-03-2010 00:00,162 E Superior Street,Chicago,IL,USA,60611,15.86
104,38,29-03-2010 00:00,BarbarossastraÃŸe 19,Berlin,,Germany,10779,0.99
105,39,11-04-2010 00:00,"4, Rue Milton",Paris,,France,75009,1.98
106,41,11-04-2010 00:00,"11, Place Bellecour",Lyon,,France,69002,1.98
107,43,12-04-2010 00:00,"68, Rue Jouvence",Dijon,,France,21000,3.96
108,47,13-04-2010 00:00,"Via Degli Scipioni, 43",Rome,RM,Italy,192,5.94
109,53,16-04-2010 00:00,113 Lupus St,London,,United Kingdom,SW1V 3EN,8.91
110,3,21-04-2010 00:00,1498 rue BÃ©langer,MontrÃ©al,QC,Canada,H2G 1A7,13.86
111,17,29-04-2010 00:00,1 Microsoft Way,Redmond,WA,USA,98052-8300,0.99
112,18,12-05-2010 00:00,627 Broadway,New York,NY,USA,10012-2612,1.98
113,20,12-05-2010 00:00,541 Del Medio Avenue,Mountain View,CA,USA,94040-111,1.98
114,22,13-05-2010 00:00,120 S Orange Ave,Orlando,FL,USA,32801,3.96
115,26,14-05-2010 00:00,2211 W Berry Street,Fort Worth,TX,USA,76110,5.94
116,32,17-05-2010 00:00,696 Osborne Street,Winnipeg,MB,Canada,R3L 2B9,8.91
117,41,22-05-2010 00:00,"11, Place Bellecour",Lyon,,France,69002,13.86
118,55,30-05-2010 00:00,421 Bourke Street,Sidney,NSW,Australia,2010,0.99
119,56,12-06-2010 00:00,307 Macacha GÃ¼emes,Buenos Aires,,Argentina,1106,1.98
120,58,12-06-2010 00:00,"12,Community Centre",Delhi,,India,110017,1.98
121,1,13-06-2010 00:00,"Av. Brigadeiro Faria Lima, 2170",SÃ£o JosÃ© dos Campos,SP,Brazil,12227-000,3.96
122,5,14-06-2010 00:00,Klanova 9/506,Prague,,Czech Republic,14700,5.94
123,11,17-06-2010 00:00,"Av. Paulista, 2022",SÃ£o Paulo,SP,Brazil,01310-200,8.91
124,20,22-06-2010 00:00,541 Del Medio Avenue,Mountain View,CA,USA,94040-111,13.86
125,34,30-06-2010 00:00,Rua da AssunÃ§Ã£o 53,Lisbon,,Portugal,,0.99
126,35,13-07-2010 00:00,"Rua dos CampeÃµes Europeus de Viena, 4350",Porto,,Portugal,,1.98
127,37,13-07-2010 00:00,Berger StraÃŸe 10,Frankfurt,,Germany,60316,1.98
128,39,14-07-2010 00:00,"4, Rue Milton",Paris,,France,75009,3.96
129,43,15-07-2010 00:00,"68, Rue Jouvence",Dijon,,France,21000,5.94
130,49,18-07-2010 00:00,Ordynacka 10,Warsaw,,Poland,00-358,8.91
131,58,23-07-2010 00:00,"12,Community Centre",Delhi,,India,110017,13.86
132,13,31-07-2010 00:00,Qe 7 Bloco G,BrasÃ­lia,DF,Brazil,71020-677,0.99
133,14,13-08-2010 00:00,8210 111 ST NW,Edmonton,AB,Canada,T6G 2C7,1.98
134,16,13-08-2010 00:00,1600 Amphitheatre Parkway,Mountain View,CA,USA,94043-1351,1.98
135,18,14-08-2010 00:00,627 Broadway,New York,NY,USA,10012-2612,3.96
136,22,15-08-2010 00:00,120 S Orange Ave,Orlando,FL,USA,32801,5.94
137,28,18-08-2010 00:00,302 S 700 E,Salt Lake City,UT,USA,84102,8.91
138,37,23-08-2010 00:00,Berger StraÃŸe 10,Frankfurt,,Germany,60316,13.86
139,51,31-08-2010 00:00,Celsiusg. 9,Stockholm,,Sweden,11230,0.99
140,52,13-09-2010 00:00,202 Hoxton Street,London,,United Kingdom,N1 5LH,1.98
141,54,13-09-2010 00:00,110 Raeburn Pl,Edinburgh ,,United Kingdom,EH4 1HH,1.98
142,56,14-09-2010 00:00,307 Macacha GÃ¼emes,Buenos Aires,,Argentina,1106,3.96
143,1,15-09-2010 00:00,"Av. Brigadeiro Faria Lima, 2170",SÃ£o JosÃ© dos Campos,SP,Brazil,12227-000,5.94
144,7,18-09-2010 00:00,"RotenturmstraÃŸe 4, 1010 Innere Stadt",Vienne,,Austria,1010,8.91
145,16,23-09-2010 00:00,1600 Amphitheatre Parkway,Mountain View,CA,USA,94043-1351,13.86
146,30,01-10-2010 00:00,230 Elgin Street,Ottawa,ON,Canada,K2P 1L7,0.99
147,31,14-10-2010 00:00,194A Chain Lake Drive,Halifax,NS,Canada,B3S 1C5,1.98
148,33,14-10-2010 00:00,5112 48 Street,Yellowknife,NT,Canada,X1A 1N6,1.98
149,35,15-10-2010 00:00,"Rua dos CampeÃµes Europeus de Viena, 4350",Porto,,Portugal,,3.96
150,39,16-10-2010 00:00,"4, Rue Milton",Paris,,France,75009,5.94
151,45,19-10-2010 00:00,ErzsÃ©bet krt. 58.,Budapest,,Hungary,H-1073,8.91
152,54,24-10-2010 00:00,110 Raeburn Pl,Edinburgh ,,United Kingdom,EH4 1HH,13.86
153,9,01-11-2010 00:00,SÃ¸nder Boulevard 51,Copenhagen,,Denmark,1720,0.99
154,10,14-11-2010 00:00,"Rua Dr. FalcÃ£o Filho, 155",SÃ£o Paulo,SP,Brazil,01007-010,1.98
155,12,14-11-2010 00:00,"PraÃ§a Pio X, 119",Rio de Janeiro,RJ,Brazil,20040-020,1.98
156,14,15-11-2010 00:00,8210 111 ST NW,Edmonton,AB,Canada,T6G 2C7,3.96
157,18,16-11-2010 00:00,627 Broadway,New York,NY,USA,10012-2612,5.94
158,24,19-11-2010 00:00,162 E Superior Street,Chicago,IL,USA,60611,8.91
159,33,24-11-2010 00:00,5112 48 Street,Yellowknife,NT,Canada,X1A 1N6,13.86
160,47,02-12-2010 00:00,"Via Degli Scipioni, 43",Rome,RM,Italy,192,0.99
161,48,15-12-2010 00:00,Lijnbaansgracht 120bg,Amsterdam,VV,Netherlands,1016,1.98
162,50,15-12-2010 00:00,C/ San Bernardo 85,Madrid,,Spain,28015,1.98
163,52,16-12-2010 00:00,202 Hoxton Street,London,,United Kingdom,N1 5LH,3.96
164,56,17-12-2010 00:00,307 Macacha GÃ¼emes,Buenos Aires,,Argentina,1106,5.94
165,3,20-12-2010 00:00,1498 rue BÃ©langer,MontrÃ©al,QC,Canada,H2G 1A7,8.91
166,12,25-12-2010 00:00,"PraÃ§a Pio X, 119",Rio de Janeiro,RJ,Brazil,20040-020,13.86
167,26,02-01-2011 00:00,2211 W Berry Street,Fort Worth,TX,USA,76110,0.99
168,27,15-01-2011 00:00,1033 N Park Ave,Tucson,AZ,USA,85719,1.98
169,29,15-01-2011 00:00,796 Dundas Street West,Toronto,ON,Canada,M6J 1V1,1.98
170,31,16-01-2011 00:00,194A Chain Lake Drive,Halifax,NS,Canada,B3S 1C5,3.96
171,35,17-01-2011 00:00,"Rua dos CampeÃµes Europeus de Viena, 4350",Porto,,Portugal,,5.94
172,41,20-01-2011 00:00,"11, Place Bellecour",Lyon,,France,69002,8.91
173,50,25-01-2011 00:00,C/ San Bernardo 85,Madrid,,Spain,28015,13.86
174,5,02-02-2011 00:00,Klanova 9/506,Prague,,Czech Republic,14700,0.99
175,6,15-02-2011 00:00,RilskÃ¡ 3174/6,Prague,,Czech Republic,14300,1.98
176,8,15-02-2011 00:00,GrÃ©trystraat 63,Brussels,,Belgium,1000,1.98
177,10,16-02-2011 00:00,"Rua Dr. FalcÃ£o Filho, 155",SÃ£o Paulo,SP,Brazil,01007-010,3.96
178,14,17-02-2011 00:00,8210 111 ST NW,Edmonton,AB,Canada,T6G 2C7,5.94
179,20,20-02-2011 00:00,541 Del Medio Avenue,Mountain View,CA,USA,94040-111,8.91
180,29,25-02-2011 00:00,796 Dundas Street West,Toronto,ON,Canada,M6J 1V1,13.86
181,43,05-03-2011 00:00,"68, Rue Jouvence",Dijon,,France,21000,0.99
182,44,18-03-2011 00:00,Porthaninkatu 9,Helsinki,,Finland,530,1.98
183,46,18-03-2011 00:00,3 Chatham Street,Dublin,Dublin,Ireland,,1.98
184,48,19-03-2011 00:00,Lijnbaansgracht 120bg,Amsterdam,VV,Netherlands,1016,3.96
185,52,20-03-2011 00:00,202 Hoxton Street,London,,United Kingdom,N1 5LH,5.94
186,58,23-03-2011 00:00,"12,Community Centre",Delhi,,India,110017,8.91
187,8,28-03-2011 00:00,GrÃ©trystraat 63,Brussels,,Belgium,1000,13.86
188,22,05-04-2011 00:00,120 S Orange Ave,Orlando,FL,USA,32801,0.99
189,23,18-04-2011 00:00,69 Salem Street,Boston,MA,USA,2113,1.98
190,25,18-04-2011 00:00,319 N. Frances Street,Madison,WI,USA,53703,1.98
191,27,19-04-2011 00:00,1033 N Park Ave,Tucson,AZ,USA,85719,3.96
192,31,20-04-2011 00:00,194A Chain Lake Drive,Halifax,NS,Canada,B3S 1C5,5.94
193,37,23-04-2011 00:00,Berger StraÃŸe 10,Frankfurt,,Germany,60316,14.91
194,46,28-04-2011 00:00,3 Chatham Street,Dublin,Dublin,Ireland,,21.86
195,1,06-05-2011 00:00,"Av. Brigadeiro Faria Lima, 2170",SÃ£o JosÃ© dos Campos,SP,Brazil,12227-000,0.99
196,2,19-05-2011 00:00,Theodor-Heuss-StraÃŸe 34,Stuttgart,,Germany,70174,1.98
197,4,19-05-2011 00:00,UllevÃ¥lsveien 14,Oslo,,Norway,171,1.98
198,6,20-05-2011 00:00,RilskÃ¡ 3174/6,Prague,,Czech Republic,14300,3.96
199,10,21-05-2011 00:00,"Rua Dr. FalcÃ£o Filho, 155",SÃ£o Paulo,SP,Brazil,01007-010,5.94
200,16,24-05-2011 00:00,1600 Amphitheatre Parkway,Mountain View,CA,USA,94043-1351,8.91
201,25,29-05-2011 00:00,319 N. Frances Street,Madison,WI,USA,53703,18.86
202,39,06-06-2011 00:00,"4, Rue Milton",Paris,,France,75009,1.99
203,40,19-06-2011 00:00,"8, Rue Hanovre",Paris,,France,75002,2.98
204,42,19-06-2011 00:00,"9, Place Louis Barthou",Bordeaux,,France,33000,3.98
205,44,20-06-2011 00:00,Porthaninkatu 9,Helsinki,,Finland,530,7.96
206,48,21-06-2011 00:00,Lijnbaansgracht 120bg,Amsterdam,VV,Netherlands,1016,8.94
207,54,24-06-2011 00:00,110 Raeburn Pl,Edinburgh ,,United Kingdom,EH4 1HH,8.91
208,4,29-06-2011 00:00,UllevÃ¥lsveien 14,Oslo,,Norway,171,15.86
209,18,07-07-2011 00:00,627 Broadway,New York,NY,USA,10012-2612,0.99
210,19,20-07-2011 00:00,1 Infinite Loop,Cupertino,CA,USA,95014,1.98
211,21,20-07-2011 00:00,801 W 4th Street,Reno,NV,USA,89503,1.98
212,23,21-07-2011 00:00,69 Salem Street,Boston,MA,USA,2113,3.96
213,27,22-07-2011 00:00,1033 N Park Ave,Tucson,AZ,USA,85719,5.94
214,33,25-07-2011 00:00,5112 48 Street,Yellowknife,NT,Canada,X1A 1N6,8.91
215,42,30-07-2011 00:00,"9, Place Louis Barthou",Bordeaux,,France,33000,13.86
216,56,07-08-2011 00:00,307 Macacha GÃ¼emes,Buenos Aires,,Argentina,1106,0.99
217,57,20-08-2011 00:00,"Calle Lira, 198",Santiago,,Chile,,1.98
218,59,20-08-2011 00:00,"3,Raj Bhavan Road",Bangalore,,India,560001,1.98
219,2,21-08-2011 00:00,Theodor-Heuss-StraÃŸe 34,Stuttgart,,Germany,70174,3.96
220,6,22-08-2011 00:00,RilskÃ¡ 3174/6,Prague,,Czech Republic,14300,5.94
221,12,25-08-2011 00:00,"PraÃ§a Pio X, 119",Rio de Janeiro,RJ,Brazil,20040-020,8.91
222,21,30-08-2011 00:00,801 W 4th Street,Reno,NV,USA,89503,13.86
223,35,07-09-2011 00:00,"Rua dos CampeÃµes Europeus de Viena, 4350",Porto,,Portugal,,0.99
224,36,20-09-2011 00:00,TauentzienstraÃŸe 8,Berlin,,Germany,10789,1.98
225,38,20-09-2011 00:00,BarbarossastraÃŸe 19,Berlin,,Germany,10779,1.98
226,40,21-09-2011 00:00,"8, Rue Hanovre",Paris,,France,75002,3.96
227,44,22-09-2011 00:00,Porthaninkatu 9,Helsinki,,Finland,530,5.94
228,50,25-09-2011 00:00,C/ San Bernardo 85,Madrid,,Spain,28015,8.91
229,59,30-09-2011 00:00,"3,Raj Bhavan Road",Bangalore,,India,560001,13.86
230,14,08-10-2011 00:00,8210 111 ST NW,Edmonton,AB,Canada,T6G 2C7,0.99
231,15,21-10-2011 00:00,700 W Pender Street,Vancouver,BC,Canada,V6C 1G8,1.98
232,17,21-10-2011 00:00,1 Microsoft Way,Redmond,WA,USA,98052-8300,1.98
233,19,22-10-2011 00:00,1 Infinite Loop,Cupertino,CA,USA,95014,3.96
234,23,23-10-2011 00:00,69 Salem Street,Boston,MA,USA,2113,5.94
235,29,26-10-2011 00:00,796 Dundas Street West,Toronto,ON,Canada,M6J 1V1,8.91
236,38,31-10-2011 00:00,BarbarossastraÃŸe 19,Berlin,,Germany,10779,13.86
237,52,08-11-2011 00:00,202 Hoxton Street,London,,United Kingdom,N1 5LH,0.99
238,53,21-11-2011 00:00,113 Lupus St,London,,United Kingdom,SW1V 3EN,1.98
239,55,21-11-2011 00:00,421 Bourke Street,Sidney,NSW,Australia,2010,1.98
240,57,22-11-2011 00:00,"Calle Lira, 198",Santiago,,Chile,,3.96
241,2,23-11-2011 00:00,Theodor-Heuss-StraÃŸe 34,Stuttgart,,Germany,70174,5.94
242,8,26-11-2011 00:00,GrÃ©trystraat 63,Brussels,,Belgium,1000,8.91
243,17,01-12-2011 00:00,1 Microsoft Way,Redmond,WA,USA,98052-8300,13.86
244,31,09-12-2011 00:00,194A Chain Lake Drive,Halifax,NS,Canada,B3S 1C5,0.99
245,32,22-12-2011 00:00,696 Osborne Street,Winnipeg,MB,Canada,R3L 2B9,1.98
246,34,22-12-2011 00:00,Rua da AssunÃ§Ã£o 53,Lisbon,,Portugal,,1.98
247,36,23-12-2011 00:00,TauentzienstraÃŸe 8,Berlin,,Germany,10789,3.96
248,40,24-12-2011 00:00,"8, Rue Hanovre",Paris,,France,75002,5.94
249,46,27-12-2011 00:00,3 Chatham Street,Dublin,Dublin,Ireland,,8.91
250,55,01-01-2012 00:00,421 Bourke Street,Sidney,NSW,Australia,2010,13.86
251,10,09-01-2012 00:00,"Rua Dr. FalcÃ£o Filho, 155",SÃ£o Paulo,SP,Brazil,01007-010,0.99
252,11,22-01-2012 00:00,"Av. Paulista, 2022",SÃ£o Paulo,SP,Brazil,01310-200,1.98
253,13,22-01-2012 00:00,Qe 7 Bloco G,BrasÃ­lia,DF,Brazil,71020-677,1.98
254,15,23-01-2012 00:00,700 W Pender Street,Vancouver,BC,Canada,V6C 1G8,3.96
255,19,24-01-2012 00:00,1 Infinite Loop,Cupertino,CA,USA,95014,5.94
256,25,27-01-2012 00:00,319 N. Frances Street,Madison,WI,USA,53703,8.91
257,34,01-02-2012 00:00,Rua da AssunÃ§Ã£o 53,Lisbon,,Portugal,,13.86
258,48,09-02-2012 00:00,Lijnbaansgracht 120bg,Amsterdam,VV,Netherlands,1016,0.99
259,49,22-02-2012 00:00,Ordynacka 10,Warsaw,,Poland,00-358,1.98
260,51,22-02-2012 00:00,Celsiusg. 9,Stockholm,,Sweden,11230,1.98
261,53,23-02-2012 00:00,113 Lupus St,London,,United Kingdom,SW1V 3EN,3.96
262,57,24-02-2012 00:00,"Calle Lira, 198",Santiago,,Chile,,5.94
263,4,27-02-2012 00:00,UllevÃ¥lsveien 14,Oslo,,Norway,171,8.91
264,13,03-03-2012 00:00,Qe 7 Bloco G,BrasÃ­lia,DF,Brazil,71020-677,13.86
265,27,11-03-2012 00:00,1033 N Park Ave,Tucson,AZ,USA,85719,0.99
266,28,24-03-2012 00:00,302 S 700 E,Salt Lake City,UT,USA,84102,1.98
267,30,24-03-2012 00:00,230 Elgin Street,Ottawa,ON,Canada,K2P 1L7,1.98
268,32,25-03-2012 00:00,696 Osborne Street,Winnipeg,MB,Canada,R3L 2B9,3.96
269,36,26-03-2012 00:00,TauentzienstraÃŸe 8,Berlin,,Germany,10789,5.94
270,42,29-03-2012 00:00,"9, Place Louis Barthou",Bordeaux,,France,33000,8.91
271,51,03-04-2012 00:00,Celsiusg. 9,Stockholm,,Sweden,11230,13.86
272,6,11-04-2012 00:00,RilskÃ¡ 3174/6,Prague,,Czech Republic,14300,0.99
273,7,24-04-2012 00:00,"RotenturmstraÃŸe 4, 1010 Innere Stadt",Vienne,,Austria,1010,1.98
274,9,24-04-2012 00:00,SÃ¸nder Boulevard 51,Copenhagen,,Denmark,1720,1.98
275,11,25-04-2012 00:00,"Av. Paulista, 2022",SÃ£o Paulo,SP,Brazil,01310-200,3.96
276,15,26-04-2012 00:00,700 W Pender Street,Vancouver,BC,Canada,V6C 1G8,5.94
277,21,29-04-2012 00:00,801 W 4th Street,Reno,NV,USA,89503,8.91
278,30,04-05-2012 00:00,230 Elgin Street,Ottawa,ON,Canada,K2P 1L7,13.86
279,44,12-05-2012 00:00,Porthaninkatu 9,Helsinki,,Finland,530,0.99
280,45,25-05-2012 00:00,ErzsÃ©bet krt. 58.,Budapest,,Hungary,H-1073,1.98
281,47,25-05-2012 00:00,"Via Degli Scipioni, 43",Rome,RM,Italy,192,1.98
282,49,26-05-2012 00:00,Ordynacka 10,Warsaw,,Poland,00-358,3.96
283,53,27-05-2012 00:00,113 Lupus St,London,,United Kingdom,SW1V 3EN,5.94
284,59,30-05-2012 00:00,"3,Raj Bhavan Road",Bangalore,,India,560001,8.91
285,9,04-06-2012 00:00,SÃ¸nder Boulevard 51,Copenhagen,,Denmark,1720,13.86
286,23,12-06-2012 00:00,69 Salem Street,Boston,MA,USA,2113,0.99
287,24,25-06-2012 00:00,162 E Superior Street,Chicago,IL,USA,60611,1.98
288,26,25-06-2012 00:00,2211 W Berry Street,Fort Worth,TX,USA,76110,1.98
289,28,26-06-2012 00:00,302 S 700 E,Salt Lake City,UT,USA,84102,3.96
290,32,27-06-2012 00:00,696 Osborne Street,Winnipeg,MB,Canada,R3L 2B9,5.94
291,38,30-06-2012 00:00,BarbarossastraÃŸe 19,Berlin,,Germany,10779,8.91
292,47,05-07-2012 00:00,"Via Degli Scipioni, 43",Rome,RM,Italy,192,13.86
293,2,13-07-2012 00:00,Theodor-Heuss-StraÃŸe 34,Stuttgart,,Germany,70174,0.99
294,3,26-07-2012 00:00,1498 rue BÃ©langer,MontrÃ©al,QC,Canada,H2G 1A7,1.98
295,5,26-07-2012 00:00,Klanova 9/506,Prague,,Czech Republic,14700,1.98
296,7,27-07-2012 00:00,"RotenturmstraÃŸe 4, 1010 Innere Stadt",Vienne,,Austria,1010,3.96
297,11,28-07-2012 00:00,"Av. Paulista, 2022",SÃ£o Paulo,SP,Brazil,01310-200,5.94
298,17,31-07-2012 00:00,1 Microsoft Way,Redmond,WA,USA,98052-8300,10.91
299,26,05-08-2012 00:00,2211 W Berry Street,Fort Worth,TX,USA,76110,23.86
300,40,13-08-2012 00:00,"8, Rue Hanovre",Paris,,France,75002,0.99
301,41,26-08-2012 00:00,"11, Place Bellecour",Lyon,,France,69002,1.98
302,43,26-08-2012 00:00,"68, Rue Jouvence",Dijon,,France,21000,1.98
303,45,27-08-2012 00:00,ErzsÃ©bet krt. 58.,Budapest,,Hungary,H-1073,3.96
304,49,28-08-2012 00:00,Ordynacka 10,Warsaw,,Poland,00-358,5.94
305,55,31-08-2012 00:00,421 Bourke Street,Sidney,NSW,Australia,2010,8.91
306,5,05-09-2012 00:00,Klanova 9/506,Prague,,Czech Republic,14700,16.86
307,19,13-09-2012 00:00,1 Infinite Loop,Cupertino,CA,USA,95014,1.99
308,20,26-09-2012 00:00,541 Del Medio Avenue,Mountain View,CA,USA,94040-111,3.98
309,22,26-09-2012 00:00,120 S Orange Ave,Orlando,FL,USA,32801,3.98
310,24,27-09-2012 00:00,162 E Superior Street,Chicago,IL,USA,60611,7.96
311,28,28-09-2012 00:00,302 S 700 E,Salt Lake City,UT,USA,84102,11.94
312,34,01-10-2012 00:00,Rua da AssunÃ§Ã£o 53,Lisbon,,Portugal,,10.91
313,43,06-10-2012 00:00,"68, Rue Jouvence",Dijon,,France,21000,16.86
314,57,14-10-2012 00:00,"Calle Lira, 198",Santiago,,Chile,,0.99
315,58,27-10-2012 00:00,"12,Community Centre",Delhi,,India,110017,1.98
316,1,27-10-2012 00:00,"Av. Brigadeiro Faria Lima, 2170",SÃ£o JosÃ© dos Campos,SP,Brazil,12227-000,1.98
317,3,28-10-2012 00:00,1498 rue BÃ©langer,MontrÃ©al,QC,Canada,H2G 1A7,3.96
318,7,29-10-2012 00:00,"RotenturmstraÃŸe 4, 1010 Innere Stadt",Vienne,,Austria,1010,5.94
319,13,01-11-2012 00:00,Qe 7 Bloco G,BrasÃ­lia,DF,Brazil,71020-677,8.91
320,22,06-11-2012 00:00,120 S Orange Ave,Orlando,FL,USA,32801,13.86
321,36,14-11-2012 00:00,TauentzienstraÃŸe 8,Berlin,,Germany,10789,0.99
322,37,27-11-2012 00:00,Berger StraÃŸe 10,Frankfurt,,Germany,60316,1.98
323,39,27-11-2012 00:00,"4, Rue Milton",Paris,,France,75009,1.98
324,41,28-11-2012 00:00,"11, Place Bellecour",Lyon,,France,69002,3.96
325,45,29-11-2012 00:00,ErzsÃ©bet krt. 58.,Budapest,,Hungary,H-1073,5.94
326,51,02-12-2012 00:00,Celsiusg. 9,Stockholm,,Sweden,11230,8.91
327,1,07-12-2012 00:00,"Av. Brigadeiro Faria Lima, 2170",SÃ£o JosÃ© dos Campos,SP,Brazil,12227-000,13.86
328,15,15-12-2012 00:00,700 W Pender Street,Vancouver,BC,Canada,V6C 1G8,0.99
329,16,28-12-2012 00:00,1600 Amphitheatre Parkway,Mountain View,CA,USA,94043-1351,1.98
330,18,28-12-2012 00:00,627 Broadway,New York,NY,USA,10012-2612,1.98
331,20,29-12-2012 00:00,541 Del Medio Avenue,Mountain View,CA,USA,94040-111,3.96
332,24,30-12-2012 00:00,162 E Superior Street,Chicago,IL,USA,60611,5.94
333,30,02-01-2013 00:00,230 Elgin Street,Ottawa,ON,Canada,K2P 1L7,8.91
334,39,07-01-2013 00:00,"4, Rue Milton",Paris,,France,75009,13.86
335,53,15-01-2013 00:00,113 Lupus St,London,,United Kingdom,SW1V 3EN,0.99
336,54,28-01-2013 00:00,110 Raeburn Pl,Edinburgh ,,United Kingdom,EH4 1HH,1.98
337,56,28-01-2013 00:00,307 Macacha GÃ¼emes,Buenos Aires,,Argentina,1106,1.98
338,58,29-01-2013 00:00,"12,Community Centre",Delhi,,India,110017,3.96
339,3,30-01-2013 00:00,1498 rue BÃ©langer,MontrÃ©al,QC,Canada,H2G 1A7,5.94
340,9,02-02-2013 00:00,SÃ¸nder Boulevard 51,Copenhagen,,Denmark,1720,8.91
341,18,07-02-2013 00:00,627 Broadway,New York,NY,USA,10012-2612,13.86
342,32,15-02-2013 00:00,696 Osborne Street,Winnipeg,MB,Canada,R3L 2B9,0.99
343,33,28-02-2013 00:00,5112 48 Street,Yellowknife,NT,Canada,X1A 1N6,1.98
344,35,28-02-2013 00:00,"Rua dos CampeÃµes Europeus de Viena, 4350",Porto,,Portugal,,1.98
345,37,01-03-2013 00:00,Berger StraÃŸe 10,Frankfurt,,Germany,60316,3.96
346,41,02-03-2013 00:00,"11, Place Bellecour",Lyon,,France,69002,5.94
347,47,05-03-2013 00:00,"Via Degli Scipioni, 43",Rome,RM,Italy,192,8.91
348,56,10-03-2013 00:00,307 Macacha GÃ¼emes,Buenos Aires,,Argentina,1106,13.86
349,11,18-03-2013 00:00,"Av. Paulista, 2022",SÃ£o Paulo,SP,Brazil,01310-200,0.99
350,12,31-03-2013 00:00,"PraÃ§a Pio X, 119",Rio de Janeiro,RJ,Brazil,20040-020,1.98
351,14,31-03-2013 00:00,8210 111 ST NW,Edmonton,AB,Canada,T6G 2C7,1.98
352,16,01-04-2013 00:00,1600 Amphitheatre Parkway,Mountain View,CA,USA,94043-1351,3.96
353,20,02-04-2013 00:00,541 Del Medio Avenue,Mountain View,CA,USA,94040-111,5.94
354,26,05-04-2013 00:00,2211 W Berry Street,Fort Worth,TX,USA,76110,8.91
355,35,10-04-2013 00:00,"Rua dos CampeÃµes Europeus de Viena, 4350",Porto,,Portugal,,13.86
356,49,18-04-2013 00:00,Ordynacka 10,Warsaw,,Poland,00-358,0.99
357,50,01-05-2013 00:00,C/ San Bernardo 85,Madrid,,Spain,28015,1.98
358,52,01-05-2013 00:00,202 Hoxton Street,London,,United Kingdom,N1 5LH,1.98
359,54,02-05-2013 00:00,110 Raeburn Pl,Edinburgh ,,United Kingdom,EH4 1HH,3.96
360,58,03-05-2013 00:00,"12,Community Centre",Delhi,,India,110017,5.94
361,5,06-05-2013 00:00,Klanova 9/506,Prague,,Czech Republic,14700,8.91
362,14,11-05-2013 00:00,8210 111 ST NW,Edmonton,AB,Canada,T6G 2C7,13.86
363,28,19-05-2013 00:00,302 S 700 E,Salt Lake City,UT,USA,84102,0.99
364,29,01-06-2013 00:00,796 Dundas Street West,Toronto,ON,Canada,M6J 1V1,1.98
365,31,01-06-2013 00:00,194A Chain Lake Drive,Halifax,NS,Canada,B3S 1C5,1.98
366,33,02-06-2013 00:00,5112 48 Street,Yellowknife,NT,Canada,X1A 1N6,3.96
367,37,03-06-2013 00:00,Berger StraÃŸe 10,Frankfurt,,Germany,60316,5.94
368,43,06-06-2013 00:00,"68, Rue Jouvence",Dijon,,France,21000,8.91
369,52,11-06-2013 00:00,202 Hoxton Street,London,,United Kingdom,N1 5LH,13.86
370,7,19-06-2013 00:00,"RotenturmstraÃŸe 4, 1010 Innere Stadt",Vienne,,Austria,1010,0.99
371,8,02-07-2013 00:00,GrÃ©trystraat 63,Brussels,,Belgium,1000,1.98
372,10,02-07-2013 00:00,"Rua Dr. FalcÃ£o Filho, 155",SÃ£o Paulo,SP,Brazil,01007-010,1.98
373,12,03-07-2013 00:00,"PraÃ§a Pio X, 119",Rio de Janeiro,RJ,Brazil,20040-020,3.96
374,16,04-07-2013 00:00,1600 Amphitheatre Parkway,Mountain View,CA,USA,94043-1351,5.94
375,22,07-07-2013 00:00,120 S Orange Ave,Orlando,FL,USA,32801,8.91
376,31,12-07-2013 00:00,194A Chain Lake Drive,Halifax,NS,Canada,B3S 1C5,13.86
377,45,20-07-2013 00:00,ErzsÃ©bet krt. 58.,Budapest,,Hungary,H-1073,0.99
378,46,02-08-2013 00:00,3 Chatham Street,Dublin,Dublin,Ireland,,1.98
379,48,02-08-2013 00:00,Lijnbaansgracht 120bg,Amsterdam,VV,Netherlands,1016,1.98
380,50,03-08-2013 00:00,C/ San Bernardo 85,Madrid,,Spain,28015,3.96
381,54,04-08-2013 00:00,110 Raeburn Pl,Edinburgh ,,United Kingdom,EH4 1HH,5.94
382,1,07-08-2013 00:00,"Av. Brigadeiro Faria Lima, 2170",SÃ£o JosÃ© dos Campos,SP,Brazil,12227-000,8.91
383,10,12-08-2013 00:00,"Rua Dr. FalcÃ£o Filho, 155",SÃ£o Paulo,SP,Brazil,01007-010,13.86
384,24,20-08-2013 00:00,162 E Superior Street,Chicago,IL,USA,60611,0.99
385,25,02-09-2013 00:00,319 N. Frances Street,Madison,WI,USA,53703,1.98
386,27,02-09-2013 00:00,1033 N Park Ave,Tucson,AZ,USA,85719,1.98
387,29,03-09-2013 00:00,796 Dundas Street West,Toronto,ON,Canada,M6J 1V1,3.96
388,33,04-09-2013 00:00,5112 48 Street,Yellowknife,NT,Canada,X1A 1N6,5.94
389,39,07-09-2013 00:00,"4, Rue Milton",Paris,,France,75009,8.91
390,48,12-09-2013 00:00,Lijnbaansgracht 120bg,Amsterdam,VV,Netherlands,1016,13.86
391,3,20-09-2013 00:00,1498 rue BÃ©langer,MontrÃ©al,QC,Canada,H2G 1A7,0.99
392,4,03-10-2013 00:00,UllevÃ¥lsveien 14,Oslo,,Norway,171,1.98
393,6,03-10-2013 00:00,RilskÃ¡ 3174/6,Prague,,Czech Republic,14300,1.98
394,8,04-10-2013 00:00,GrÃ©trystraat 63,Brussels,,Belgium,1000,3.96
395,12,05-10-2013 00:00,"PraÃ§a Pio X, 119",Rio de Janeiro,RJ,Brazil,20040-020,5.94
396,18,08-10-2013 00:00,627 Broadway,New York,NY,USA,10012-2612,8.91
397,27,13-10-2013 00:00,1033 N Park Ave,Tucson,AZ,USA,85719,13.86
398,41,21-10-2013 00:00,"11, Place Bellecour",Lyon,,France,69002,0.99
399,42,03-11-2013 00:00,"9, Place Louis Barthou",Bordeaux,,France,33000,1.98
400,44,03-11-2013 00:00,Porthaninkatu 9,Helsinki,,Finland,530,1.98
401,46,04-11-2013 00:00,3 Chatham Street,Dublin,Dublin,Ireland,,3.96
402,50,05-11-2013 00:00,C/ San Bernardo 85,Madrid,,Spain,28015,5.94
403,56,08-11-2013 00:00,307 Macacha GÃ¼emes,Buenos Aires,,Argentina,1106,8.91
404,6,13-11-2013 00:00,RilskÃ¡ 3174/6,Prague,,Czech Republic,14300,25.86
405,20,21-11-2013 00:00,541 Del Medio Avenue,Mountain View,CA,USA,94040-111,0.99
406,21,04-12-2013 00:00,801 W 4th Street,Reno,NV,USA,89503,1.98
407,23,04-12-2013 00:00,69 Salem Street,Boston,MA,USA,2113,1.98
408,25,05-12-2013 00:00,319 N. Frances Street,Madison,WI,USA,53703,3.96
409,29,06-12-2013 00:00,796 Dundas Street West,Toronto,ON,Canada,M6J 1V1,5.94
410,35,09-12-2013 00:00,"Rua dos CampeÃµes Europeus de Viena, 4350",Porto,,Portugal,,8.91
411,44,14-12-2013 00:00,Porthaninkatu 9,Helsinki,,Finland,530,13.86
412,58,22-12-2013 00:00,"12,Community Centre",Delhi,,India,110017,1.99
